name,parent
Arts & Crafts,
Woodworking,Arts & Crafts
Woodcarving,Arts & Crafts
Jewelry,Arts & Crafts
Sewing,Arts & Crafts
Knitting,Arts & Crafts
Crocheting,Arts & Crafts
Quilting,Arts & Crafts
Drawing,Arts & Crafts
Painting,Arts & Crafts
Graphic Design,Arts & Crafts
Pottery,Arts & Crafts
Finance,
Major Purchases,Finance
Retirement Planning,Finance
College Savings,Finance
Computers & Technology,
Microsoft,Computers & Technology
Google,Computers & Technology
Quickbooks,Computers & Technology
Mobile,Computers & Technology
Coding,Computers & Technology
Design,Computers & Technology
UI/UX,Computers & Technology
Dance,
Hip Hop,Dance
Tap,Dance
Ballroom,Dance
Jazz,Dance
Ballet,Dance
Food & Beverage,
Decorating,Food & Beverage
Cutting,Food & Beverage
Cooking,Food & Beverage
Baking,Food & Beverage
Wine Making,Food & Beverage
Wine Tasting,Food & Beverage
Beer Making,Food & Beverage
Beer Tasting,Food & Beverage
Pairing Foods,Food & Beverage
Music,
Piano,Music
Guitar,Music
Horns,Music
Percussion,Music
Band,Music
Fun & Games,
Juggling,Fun & Games
Magic,Fun & Games
Cards,Fun & Games
Board Games,Fun & Games
Health & Wellness,
Meditation,Health & Wellness
Mindfulness,Health & Wellness
Yoga,Health & Wellness
Pain Management,Health & Wellness
Weight Loss,Health & Wellness
Home & Garden,
Interior Design,Home & Garden
Exterior Design,Home & Garden
Languages,
Spanish,Languages
French,Languages
Mandarin,Languages
Arabic,Languages
German,Languages
Russian,Languages
Korean,Languages
Japanese,Languages
Nature & Outdoors,
Hiking,Nature & Outdoors
Kayaking,Nature & Outdoors
Camping,Nature & Outdoors
Cycling,Nature & Outdoors
